run_started_utc,backend,utility_count,batch_size,users,run_time_seconds,request_count,failure_count,requests_per_second,readings_per_second,average_request_latency_ms,p50_request_latency_ms,p95_request_latency_ms,p99_request_latency_ms
2026-09-29T14:45:09Z,postgres,1,1,32,60,10199,0,172.534330,172.534330,151.4781742344238,140,250,400
2026-09-29T14:46:29Z,postgres,1,10,32,60,1745,0,29.554608,295.546083,867.2246644802303,840,1100,1300
2026-09-29T14:47:53Z,postgres,1,100,32,60,160,0,2.863839,286.383928,8757.467565312514,8700,11000,11000
2026-09-29T14:49:18Z,postgres,1,1000,32,60,16,0,0.313238,313.237634,41371.78306837485,41000,42000,42000
2026-09-29T14:50:37Z,postgres,10,1,32,60,11418,0,192.941461,192.941461,141.91141942871175,140,210,260
2026-09-29T14:51:56Z,postgres,10,10,32,60,1675,0,28.394265,283.942651,954.6623199539929,910,1200,2900
2026-09-29T14:53:15Z,postgres,10,100,32,60,174,0,2.969271,296.927093,8651.721635258604,8600,10000,11000
2026-09-29T14:54:33Z,postgres,10,1000,32,60,16,0,0.016254,16.254457,47662.02354193763,48000,49000,49000
2026-09-29T15:11:20Z,postgres,1000,1,32,60,12020,0,203.372401,203.372401,131.142111976541,130,160,190
2026-09-29T15:12:37Z,postgres,1000,10,32,60,1871,0,31.682538,316.825378,839.2422434922757,840,920,950
2026-09-29T15:13:55Z,postgres,1000,100,32,60,192,0,3.400695,340.069464,7510.601693760479,7900,8000,8100
2026-09-29T15:15:12Z,postgres,1000,1000,32,60,16,0,0.316822,316.822187,40910.180541937516,41000,41000,41000
2026-09-29T15:16:31Z,tigerbeetle,1,1,32,60,60102,0,1017.272265,1017.272265,27.58675756652057,25,45,66
2026-09-29T15:17:50Z,tigerbeetle,1,10,32,60,34908,0,590.402410,5904.024105,47.161643577404355,44,78,110
2026-09-29T15:19:07Z,tigerbeetle,1,100,32,60,8262,0,139.763852,13976.385157,199.59132376410045,190,310,370
2026-09-29T15:20:26Z,tigerbeetle,1,1000,32,60,1148,0,19.497147,19497.146543,1420.4083322560953,1400,2200,2700
2026-09-29T15:21:46Z,tigerbeetle,10,1,32,60,62136,0,1051.482477,1051.482477,26.617642578230477,25,42,54
2026-09-29T15:23:05Z,tigerbeetle,10,10,32,60,33826,0,572.456257,5724.562567,48.82436344866972,46,82,120
2026-09-29T15:24:23Z,tigerbeetle,10,100,32,60,8129,0,137.532381,13753.238066,203.4877515929373,200,320,370
2026-09-29T15:25:41Z,tigerbeetle,10,1000,32,60,1196,0,20.214303,20214.302618,1364.9542596538574,1300,2100,2500
2026-09-29T15:27:01Z,tigerbeetle,1000,1,32,60,58812,0,994.617285,994.617285,26.877751083040717,25,43,56
2026-09-29T15:28:18Z,tigerbeetle,1000,10,32,60,33424,0,565.831454,5658.314540,47.28510054614232,45,79,110
2026-09-29T15:29:36Z,tigerbeetle,1000,100,32,60,7743,0,130.894929,13089.492923,203.89909955662276,200,310,390
2026-09-29T15:30:56Z,tigerbeetle,1000,1000,32,60,1081,0,18.274221,18274.220831,1438.4790208991474,1400,2200,2700
2026-09-29T15:32:19Z,postgres,1,1,32,60,14763,0,249.749097,249.749097,112.53087677050266,110,150,180
2026-09-29T15:33:36Z,postgres,1,10,32,60,2522,0,42.686098,426.860978,655.786852555908,660,740,770
2026-09-29T15:34:54Z,postgres,1,100,32,60,258,0,4.365813,436.581254,5977.714712209247,6100,6700,6800
2026-09-29T15:36:12Z,postgres,1,1000,32,60,16,0,0.441619,441.618791,29381.34154437489,29000,30000,30000
2026-09-29T15:37:30Z,postgres,10,1,32,60,13026,0,220.453564,220.453564,127.30617803087105,120,190,250
2026-09-29T15:38:48Z,postgres,10,10,32,60,1998,0,33.811282,338.112816,825.9511793168282,830,970,1000
2026-09-29T15:40:05Z,postgres,10,100,32,60,192,0,3.274805,327.480487,7973.090859578094,8000,9700,10000
2026-09-29T15:41:22Z,postgres,10,1000,32,60,16,0,0.323402,323.402169,40595.671713687574,41000,42000,42000
2026-09-29T15:42:41Z,postgres,1000,1,32,60,11934,0,201.927167,201.927167,132.10428532310334,130,170,190
2026-09-29T15:43:58Z,postgres,1000,10,32,60,1869,0,31.638568,316.385680,836.4783811380519,840,910,950
2026-09-29T15:45:16Z,postgres,1000,100,32,60,48,0,2.294333,229.433261,6306.380285166673,7000,7800,7900
2026-09-29T18:07:35Z,postgres,1000,1000,32,60,16,0,0.290547,290.546622,43522.95312931233,44000,44000,44000
2026-09-29T18:08:55Z,tigerbeetle,1,1,32,60,56343,0,953.633610,953.633610,28.925043074813328,27,46,62
2026-09-29T18:10:15Z,tigerbeetle,1,10,32,60,27189,0,459.102815,4591.028151,60.00688430277961,54,110,180
2026-09-29T18:11:37Z,tigerbeetle,1,100,32,60,7316,0,123.757202,12375.720199,219.19287217111926,210,340,420
2026-09-29T18:12:58Z,tigerbeetle,1,1000,32,60,1077,0,18.206960,18206.959615,1490.1857074029479,1400,2300,2800
2026-09-29T18:14:19Z,tigerbeetle,10,1,32,60,47072,0,795.705908,795.705908,33.81470518441745,31,58,94
2026-09-29T18:15:41Z,tigerbeetle,10,10,32,60,25945,0,437.391152,4373.911525,59.500549151280836,54,100,190
2026-09-29T18:17:03Z,tigerbeetle,10,100,32,60,6774,0,114.589455,11458.945451,235.61991968985348,230,380,540
2026-09-29T18:18:25Z,tigerbeetle,10,1000,32,60,902,0,15.494219,15494.218952,1646.4784687760668,1600,2500,3000
2026-09-29T18:19:50Z,tigerbeetle,1000,1,32,60,37428,0,633.058754,633.058754,38.359753622954265,35,65,98
2026-09-29T18:21:10Z,tigerbeetle,1000,10,32,60,26045,0,440.657854,4406.578541,54.36575003247067,51,93,140
2026-09-29T18:22:32Z,tigerbeetle,1000,100,32,60,6829,0,115.458263,11545.826287,223.24993410159937,220,350,430
2026-09-29T18:23:53Z,tigerbeetle,1000,1000,32,60,1090,0,18.423123,18423.122706,1407.6731270101277,1300,2200,2500
2026-09-29T18:25:54Z,postgres,1,1,32,60,12515,0,211.746523,211.746523,128.7482752639335,130,180,240
2026-09-29T18:27:13Z,postgres,1,10,32,60,2121,0,35.891112,358.911116,760.932807110783,760,890,940
2026-09-29T18:28:33Z,postgres,1,100,32,60,208,0,3.660979,366.097922,7018.346506663438,7300,7600,7700
2026-09-29T18:29:52Z,postgres,1,1000,32,60,16,0,0.364994,364.993886,35540.785214124524,36000,36000,36000
2026-09-29T18:47:30Z,postgres,10,1,32,60,11092,0,10.509138,10.509138,149.3983309148242,140,260,370
2026-09-29T19:05:25Z,postgres,10,10,32,60,1815,0,30.737095,307.370953,894.5612670468188,880,1100,1300
2026-09-29T19:06:42Z,postgres,10,100,32,60,183,0,3.108661,310.866093,8217.241438366225,8100,10000,11000
2026-09-29T19:08:00Z,postgres,10,1000,32,60,16,0,0.335399,335.399141,39476.39265412453,39000,41000,41000
2026-09-29T19:09:19Z,postgres,1000,1,32,60,12537,0,212.192238,212.192238,126.13799502240936,120,160,190
2026-09-29T19:10:36Z,postgres,1000,10,32,60,1779,0,30.110523,301.105228,885.4830271624611,850,1100,1300
2026-09-29T19:11:54Z,postgres,1000,100,32,60,192,0,3.377332,337.733239,7510.340969828086,7800,8100,8200
2026-09-29T19:13:11Z,postgres,1000,1000,32,60,16,0,0.326897,326.897476,39755.43923431246,40000,40000,40000
2026-09-29T19:14:29Z,tigerbeetle,1,1,32,60,55829,0,944.900240,944.900240,29.645880792837183,28,47,63
2026-09-29T19:15:47Z,tigerbeetle,1,10,32,60,34050,0,576.299283,5762.992832,48.715704661911175,45,81,110
2026-09-29T19:17:05Z,tigerbeetle,1,100,32,60,8164,0,138.087201,13808.720119,202.65899809869367,200,320,380
2026-09-29T19:18:23Z,tigerbeetle,1,1000,32,60,1215,0,20.598080,20598.079697,1346.7357729316357,1300,2000,2500
2026-09-29T19:19:42Z,tigerbeetle,10,1,32,60,61142,0,1034.901307,1034.901307,26.87162246485583,25,42,54
2026-09-29T19:21:01Z,tigerbeetle,10,10,32,60,33120,0,560.475061,5604.750609,49.92197640710277,46,92,130
2026-09-29T19:22:19Z,tigerbeetle,10,100,32,60,8181,0,138.429836,13842.983620,202.16234149383084,200,310,370
2026-09-29T19:23:38Z,tigerbeetle,10,1000,32,60,1182,0,19.969559,19969.558631,1383.463194524642,1300,2100,2700
2026-09-29T19:24:57Z,tigerbeetle,1000,1,32,60,39941,0,866.966548,866.966548,29.047004483825102,27,46,60
2026-09-30T06:17:18Z,tigerbeetle,1000,10,32,60,29574,0,500.470546,5004.705460,51.818174503275294,49,87,120
2026-09-30T06:18:37Z,tigerbeetle,1000,100,32,60,6968,0,117.947590,11794.759049,220.12269130982182,210,340,420
2026-09-30T06:19:57Z,tigerbeetle,1000,1000,32,60,941,0,15.913905,15913.904634,1530.9574529606255,1500,2300,3000
